epoch,accuracy,loss,val_accuracy,val_loss
1,54.714,0.022959328414201736,69.37,0.0140253289103508
2,69.916,0.013591293435692786,74.74,0.011169643437862396
3,74.138,0.011718771358132362,76.82,0.01038045832812786
4,76.706,0.010575977759361267,78.89,0.009648949238657951
5,78.154,0.009788571665883065,80.32,0.009011256900429726
6,79.604,0.009181179972290992,80.63,0.00884526917040348
7,80.714,0.008663349050581455,80.52,0.008832825714349747
8,81.65,0.00828897867500782,82.17,0.008027250976860523
9,82.48,0.007862425442934036,82.34,0.008023446394503116
10,83.084,0.007547992481589317,81.97,0.008348992776870727

Train Accuracy: 83.084
Test Accuracy: 82.34

ClassName,Accuracy
plane,87.5
car,89.2
bird,80.2
cat,64.2
deer,84.2
dog,70.9
frog,89.5
horse,85.9
ship,82.5
truck,85.6
1,50.924,0.02109619473695755,61.97,0.016386375033855437
2,68.692,0.013702608748674393,67.35,0.01454877273440361
3,76.064,0.01064990399003029,75.67,0.010783973148465157
4,80.862,0.008604104813337326,77.72,0.00993591412305832
