epoch,accuracy,loss,val_accuracy,val_loss
7,90.338,0.004325673368275166,84.25,0.007730813325941562
8,91.642,0.0037191186504811047,83.23,0.008197637583315372
9,93.106,0.0030751313272863626,84.08,0.008718531461060048
10,94.38,0.0025559233866259455,83.98,0.008796003064513206

Train Accuracy: 94.38
Test Accuracy: 84.25

ClassName,Accuracy
airplane,90.4
automobile,90.3
bird,78.0
cat,66.7
deer,90.2
dog,79.3
frog,84.0
horse,86.6
ship,82.4
truck,92.6
